,x1,x2,x3,x4,x5
667,0.5356285899656898,-1.2532060649455492,-0.14290237100855335,0.14763575870274503,0.43873471620727655
760,0.39388213895991053,-0.19593487689610864,0.3766891361456857,-0.4036691871528961,-1.3824111834808932
625,-0.7787399830875916,0.42484339658270825,0.3990783577108545,-0.5555405696835684,1.630648783515454
386,1.3337409697245068,0.012244506570135571,-1.4007521744245606,0.7529442679641581,-0.5008328558132545
997,0.008018511265688274,-1.3515079752118266,-1.5396096255992635,0.46496261341436484,1.084303378849118
663,0.20019024069921523,0.7962126104178519,0.84111785792435,0.19351187466259212,1.6837905678552254
194,0.6537942842244912,-0.0345015409674467,-1.3821700112108626,-0.2977652835637338,-1.3370789720302145
16,-0.6540137115626625,1.430245206899662,0.7976172396214217,-1.1422708016375096,0.3962782591094911
222,1.4711219134796374,-0.8968667692908189,0.27320075473007444,-0.5967840484209982,-0.25038993142988725
697,0.8052787171954083,0.3441527753770903,-0.9534233216083271,0.5736578486760262,1.673964881278928
185,-1.0337684538620342,0.39496844134808373,0.22942173205081437,0.8504610014168414,0.26649911976914603
989,1.7357464727027558,1.307423193000674,-0.8902813103454446,-0.8743520093506191,1.532956493171484
693,-0.4495227898704923,-0.48105953444256316,0.522472359572441,-1.142976374143502,-0.7930529630181857
389,-1.5750666765750785,1.497535063640696,0.5821887032577769,-0.29558837266548754,-0.7292444720732568
833,-1.0418262224940433,1.2238950291299118,-1.4742858255119637,-0.5906634309998421,-0.2007769713805376
739,-0.25441697843860095,0.25636401061784775,0.7412350157024822,0.854999965772029,-0.2263684699247499
311,-1.2783879503891475,0.4537968029541405,1.2980460697977814,-0.06615660199949046,0.06132564555903092
148,1.4450051218670332,-0.27192002270229604,-0.08810655618576005,0.7496394421250253,1.1230010325373951
356,0.18301591254864008,-0.8640476409979886,-0.3451726049590078,-0.05481372625939203,0.8368924808438234
865,0.5705313584586812,-0.14175695474398167,0.02065171561955826,1.072495505124403,-0.6608369255727568
328,-0.3209923834124499,0.9774290619096897,-1.4695540967600265,0.5365965056201564,0.921257088407129
47,-0.4369191270770267,-0.2833327139038472,1.1032056864412334,-0.8325421903950089,0.8633354147947198
476,-0.14548100944250697,-0.854088960503015,1.6305849746632979,-0.8033087195903038,-0.5595989183260818
305,-1.5203315402582873,0.09946213238454804,-1.2770913142078784,0.6582062950310348,-1.0777362543692048
207,-1.0707568663320612,0.20278323827873426,-1.3220462466399003,1.16150405752758,0.6165438859117961
53,0.2795964322638548,0.49663059922476754,1.5335643085517916,-1.6002599595679325,-0.30611773951925886
959,-1.5649716635384308,-0.9813835646622701,0.1549103615750702,-0.5674058413128399,-1.136807673474184
212,0.2298199393209684,1.2206038763422082,-1.0292085030061142,-0.48605859703219395,1.4962294319259997
639,1.1732966709910682,0.10757165490956416,-1.289051487961807,1.7107678667559634,-0.3567465433454197
180,0.12418222236559931,1.4310547104365159,0.4268247224929963,1.6087291334112097,-0.1323826123577113
584,-1.115459203717132,-0.42295475917938785,0.785192738432103,-0.1530805043936036,0.15377147449593517
995,1.717870891948549,-1.3510418931601853,-0.42340937456107985,-1.4021274854235144,0.6643431072564118
280,0.9859605157353488,0.25320269290140246,1.4628891563108177,0.646095049482926,-1.5704188994296926
15,-1.586249157844639,0.3541586335603999,-1.3347386695208132,1.0102305897316566,0.5668741520235951
340,-0.590626462352163,0.5448005790424759,-0.10264179322972462,0.7610478538281431,0.7942896247912579
601,-1.5812952084991208,0.5056817645557916,1.405860746198412,-1.1654254903558297,0.9279764953198837
753,0.3548388337810802,0.794442307581836,-0.00934672518337294,0.2510069438475402,1.3570094357857176
929,-0.9965243488032796,0.7501474776510835,0.31581485673487486,-0.4376267061929293,-0.3742818478207449
331,-0.7894190873490924,-0.6596130050070211,0.13760289768560557,0.4388392758352775,0.41036166630945686
272,-0.49615582291868265,-1.2746005490074719,-1.251242798666323,-1.1892283657462885,-0.28570948687789216
714,-0.8126091612558178,-1.216873946541376,1.0013279934827777,0.13971028732067822,-0.7096233686564009
803,1.0653725188291898,0.06688044814063962,0.8403272688759824,-1.3032149487692513,0.8385703657584096
731,-1.107357127480781,-1.58558027065679,0.19727880688770286,-0.2059270107894665,-1.5054855108343415
277,-1.3062450443411258,-1.6615281803195099,1.0911922065523725,0.6760765329246718,-0.4513399172451485
801,-0.552414133938843,-0.8737954049868217,0.505828364866817,-1.3583136392620465,-1.45318992681339
457,0.5501034832432475,-0.03703104907323572,1.6586585930911577,-0.07329818474461665,0.4761791865313356
770,1.0202105196075053,0.714633799767519,0.9495186022658779,-0.8505085616374407,1.5378617415837503
499,-0.812935257845917,1.087409148290521,0.8953381827068684,-1.727873695036394,1.1479663564718499
820,0.251585166758047,1.0423537954774629,-1.5634985487232427,-0.10277915037860266,-1.0666116525115363
33,-0.3723683473220633,0.29156681702602333,-0.48652532747244365,0.14392751510213253,-0.04618539232987445
593,-0.9690292179493234,-1.059766331942056,-0.7183498709101672,-0.4798846805991245,0.7020372024345682
419,-0.6787550036313251,0.5440028944578776,0.7542599989724591,0.3770247958354657,0.5836142421352477
828,1.240898040550137,0.1816661511247794,-0.4036549948595139,-0.7181936578463968,-0.07755216472945661
722,-0.2730178999432211,1.4686122666946992,-0.13388936333277937,-0.852753553931399,1.4293833701982157
539,1.3309633496652522,-0.49719415504650794,0.39762621339640053,-1.5787607958643517,-1.1000443427875481
887,-0.7124928244392607,1.095407353187376,-1.013353638945373,-1.2494607157622524,0.5229319416371045
279,-1.1472358332391948,1.4569543140887695,1.691772493581207,0.059732181902411106,0.19819107826056845
622,-0.4059076073027278,0.8861748854688043,0.8821807760666225,0.8116117684033721,-1.0767339211650555
58,0.022475285968585373,-1.5423706931551104,1.351189220553747,-0.12695565648284513,-0.20036152973014082
489,1.4658183192196024,1.2453744419126465,0.39031418514681754,0.04406494385395479,-1.5136129753419079
422,-0.22924338173337766,0.7067335757437105,0.31063431035465505,0.8676297309591261,-0.7505548517143126
974,1.2030390591602795,0.9343909389828867,0.44614227829552844,-0.7907686466969449,1.4846897125115197
906,1.2234164040312314,-1.0401980404127227,-0.6416386504837225,-1.3414538503067317,0.23195448038513533
805,-0.20885266522460377,-0.5542208679971222,1.7218787509917166,-0.32913206727733807,1.38927396923067
637,-1.0656770589608344,0.977922100750478,-1.068139886221343,1.3647514887698797,1.181445766773425
36,-1.6198093798474849,1.0000008647612955,-0.24485348622401104,-0.06408474806343828,-0.7007896440157309
112,-1.0904275208750858,-1.546292996478726,-0.7272666881156837,1.472614997955617,-0.6143858493114278
550,-0.10132329834938611,-1.5304235719884334,-1.2205370120849957,-0.16018542920707077,-1.559513376502446
644,1.0728270579823314,0.48995626256426505,-0.07262173949659945,0.04716670443296781,0.2191305923277663
355,-1.1448206357286186,-0.45532459055633834,-0.04784497522470489,0.5147035228506583,1.2976152914065369
994,-1.0757212763599935,-0.4999710084738142,-0.46236806731313107,1.266313576638102,-1.1519322034065842
927,0.37034786814344806,1.0304332253816724,0.6139237839705702,0.3750517657937269,1.1562579483003592
456,-1.2744571881261237,0.3568074985448306,1.261861974179052,0.9063042672605403,1.0748500692865184
555,1.5302701124280282,-1.5009800780633704,1.0504073724913507,-0.6124692596626738,-0.44112780158996623
824,-0.0953787664875806,-0.679584671315963,-0.7372789570562791,0.13038423049203793,-0.21955538099919444
846,1.7737703810779877,-1.7155292610830106,-0.623021012665377,-1.2393192886032973,-0.7871194816647893
829,1.1224838477111683,1.4405771929029814,0.6766363893935631,-0.626466399534467,-1.4309108672106066
890,1.4337763184819021,1.7030340753478992,-1.5121558111036597,1.2530561373074678,-0.9587179474593363
223,-1.6303039402547246,1.147489171273526,-0.7516300014278566,-1.2199413921424676,-0.7768393824383225
978,0.4686609025367257,1.3022468783808174,1.600171029729491,0.1931530359229487,0.17999609632731786
966,0.3275581607249573,1.4632818276963608,-0.9523197676133124,1.0886538814767697,-0.49030516108884953
913,-0.2768977759070186,-0.06654499974578255,1.0919331450404703,-0.4863490152429754,-0.1224178288728873
108,1.3840792930221426,1.547280619785467,-1.407412779923135,1.4808513624957156,-1.18403650584078
754,-0.3258393400612561,0.07242359807178449,0.2518309765097383,1.4012672264576385,0.5328975738642533
301,-0.05367422226883931,1.6646300441616315,0.466099410475633,1.0783039536566337,0.6086742482122975
205,-0.9079510301171263,0.582403253344903,-1.5327766574093296,1.733399271909776,0.666592268806989
413,-1.4150130757197608,1.0646385318223777,-1.3212973032429425,1.6012423711468593,-0.11693882586785
721,0.1747158911668794,1.5962347735749403,-1.6270297935148088,-1.5530783762959517,0.7618271466665255
720,1.4392882334551675,1.320935652493067,1.0421791800848645,1.4041107237132007,0.8984218383507729
930,-0.738252673479023,0.27778153842865044,-1.490760564191214,1.243422083276121,-1.075006019506787
855,1.000656160812189,-1.5166178784604065,1.4705337239725886,-1.2510096926293643,0.9985855336029138
429,1.661742622782172,0.9936446893919931,-0.21076667097410517,1.0287296286032925,1.2633431792017233
643,0.7343870559945679,-0.047876770546301205,0.4475776872241657,-0.24018592077750225,0.757463720492272
3,-0.39669218856475347,-1.4421028952693737,1.504722736506354,1.2415547954741384,-0.834621454812255
99,1.070070928682766,1.591546073972562,0.8716694704292456,1.180469075512661,-0.9832030749241089
892,-0.10041220904080277,1.081586834601809,0.38588629797735874,1.6290265792872736,-1.5860462640425523
334,1.497302857785825,0.2935919427737016,-1.3000184464832922,-1.2448840203097984,-1.4316201253605296
526,-1.2286974818843361,0.2670286193556018,-0.7778409350959413,-1.3645154896027536,0.24134582663085688
891,0.0008774943752214287,-0.760409528184087,0.32287366527314465,0.2388000441712408,1.6832286039754643
146,0.26465592961460105,0.10045783435757152,-1.1329795044807065,-0.9826488621857334,1.5315611060749714
794,-1.33221617030268,-1.1509666537790069,1.6027722640286983,0.012035349055945143,0.4044009661194224
59,1.2110417180500828,-0.6287201699526318,1.019663314330482,-0.3832461233241593,-0.7390907536477253
933,1.5896004212200536,1.1180520259010847,-0.8627717126897038,-1.2338810246825935,-0.6036076706619619
841,-1.5165881303300246,0.9563813333535225,-0.10336291353900669,-1.3058637880086728,1.1301108125889334
741,1.4454647710038635,1.2239477646540537,1.1655089037332726,1.7367115682630017,0.37651135657410495
852,0.09196013730140375,1.6509555308353225,-0.894320868652065,1.1568419236910072,-0.3234998348657985
259,-0.33408804348641263,-0.17987232973081335,0.8992850679549431,1.134809174468446,1.658285619671482
661,0.18758495887039914,-0.11935712391814315,0.14625898541257248,-1.1007595548546285,-1.2108171187481123
394,-1.4992872774315265,-1.3846324234860257,-0.5015131095092671,-0.9681114461206198,-1.3365597791632255
662,1.0772935474588992,-1.700836745962227,1.5526166634448837,1.6254514854350162,-0.7211547090355257
104,0.04881486938219808,-1.5930618497202271,-1.574732954674552,-0.8472674937503488,0.02344419204024275
698,-0.3548287238940832,1.6878484382118302,-1.1245513194954098,1.0400180965755657,-0.13967650540253307
470,0.41202545932353585,-0.14280852080926604,-0.408992697992469,0.24235153679137877,-0.3096255368670902
590,1.049006126745756,1.344135530520378,-1.4778019120283736,-1.0953902964380389,-0.6439706194726742
13,0.16069143635196298,1.4017627193837958,0.594442790817948,-0.7819414364563746,1.6626153473125502
768,0.3801170292962256,-0.4492209999291919,1.261918891001569,1.2684238252381201,-1.0448371029888557
376,-0.20669534251857236,0.7618946001328033,-0.9750722153504384,-1.705734900812484,-0.16292616788873646
173,-0.6330271629902019,-1.216694585417754,1.3315745884036991,0.2581667975188628,-0.8962362551546066
823,1.6076246980430804,-1.6098714524054154,-1.207465181524697,0.24712063173965965,-0.3974161513875543
196,0.9832382861203901,-0.41661855771950934,1.4773700484631134,-1.6486385893437454,-0.31903376759204966
139,1.6306459701450766,-0.5610029933520669,-0.6372522240833305,0.14431119229413736,1.5462875271287038
23,-0.7830522570850393,0.8239217702354659,1.7136396481921137,0.4372765980733975,-0.6144450014822016
888,-1.0640344636532324,-0.3580321652107183,1.391280158212526,-0.3030781686984189,0.17638156223378507
632,-0.3954508561233942,0.1878664927409654,-0.4338346638565894,0.4309648457917934,1.0235278885270664
541,1.6835218155419307,-1.2083832777855597,-1.4271508641422623,0.7785139329581366,-0.1898662500745089
591,1.7675298440627984,1.0663012828452014,1.0567930180304377,-1.5595402863308414,0.5365773523355061
506,-1.1807578696121939,0.9986643748327986,0.7104434855027616,0.6479567887737012,1.3087936339271418
303,-1.644547922177681,0.004261977336169807,-0.4793583453730445,-1.4898729013373344,1.1930938209590967
525,-0.9462550170745424,-0.7907979765580528,0.389453693935836,1.0253545030570062,1.3286343287559876
503,0.49852158429593957,1.5808524316867443,1.4976823339728749,0.8394080485715844,-0.4776717032788758
64,1.7478900356061993,0.018326909190983974,-0.12201592376042399,0.9955772885259286,-0.7415856684909418
908,1.6068525679942691,-0.6879332530924283,-0.04246718329128389,-0.3457053163477594,-0.29261237310509564
412,-0.18255251351087837,1.356074333248163,-0.041117873521411975,1.2092322792754575,-0.9387807345526307
154,0.4418169404326017,0.6899839878263758,-0.6578876331808534,-1.2381497027217485,-1.076391284986553
190,0.8652094980058439,-0.4974381544163045,-1.0757527062978318,0.49809831181675923,-1.3404599284933854
949,-0.6871908262672128,0.18727243516481476,1.613234806821932,-0.15435471763246839,0.4267890504468487
316,-0.41891609377291394,-1.6218444985444431,-0.5479986918682388,-1.3618128089546826,-0.9045580625942712
473,-1.5364417842737188,1.0867465663242462,0.3337706511281784,1.6579569681942434,-0.6300199619031422
314,1.2947424177783142,-0.07479806744345632,0.26968363533265266,1.556291725790602,1.3456933736177188
140,0.39014438482444813,-1.0897730620287034,-0.995134401674491,0.1649185610806872,1.3179612151258775
69,-0.2152996127757598,0.19505710119049405,-0.3788221549229512,0.0719749999135431,-1.203692865330312
954,1.508959552892566,1.2767405204290185,1.594320686340596,-0.49027281470126594,-0.7029543716190055
596,0.38285183871366923,1.5244033509952708,-0.2314748294900064,-0.9585810772223624,-1.3936298288840614
233,1.2161611974185904,-0.9572843332926455,-1.5340504420659573,0.09346448364347738,-0.5452801866299234
281,-0.28085410194106086,-0.8456856989075714,0.46411524095433093,-1.2713623553600075,0.3084260130742564
320,1.750902338571206,1.4962475155057946,-0.6432537500328004,-0.45050973275364825,0.14957080786958793
35,0.5995310679261612,-0.5852560260362915,-1.5161567600430572,1.632205515577219,1.6879436293453152
612,1.4489800641746475,1.5014458652869411,-0.33497527319195547,-1.0219667341352205,-0.6665412449198961
706,1.2970865352349739,0.17777898760576968,-1.3265564516100343,1.3923234282860353,1.7083665226151936
347,-0.45450567842169914,-1.3817228772883345,-0.7573953140578783,1.5278637103935764,1.0550372929531584
958,0.04985962494944181,0.12056782249722314,0.5173739096958125,0.93447097631651,-1.5833742126567267
758,0.6036885747394217,-0.9670337868402922,0.07541445814219043,0.9479910041037715,1.6479663362292931
63,1.725873850724479,-1.3602802143426043,-1.0061893742343055,1.307257161643109,1.0161727202436766
939,-0.19483852496496867,1.509329521968482,-0.24700655338998195,-0.6905263057979848,-0.08707125804209452
789,-0.49715220276519606,0.29399856619603104,-0.8531535625844737,-0.6128118887282573,-1.0191877631439077
813,1.6586070299727975,-0.6458379820600345,-0.8927216134016539,-0.22307180071231858,-0.5540934437565337
894,-0.5716585361293168,-0.3622276339103281,-1.367195429973745,-1.1529985068126531,1.3999167792306646
627,-1.5429473923836787,1.0115983892586593,1.562343241907738,1.1754559391963009,-0.21032163997699452
330,-0.601104416817942,-0.46963574774874844,-1.1140375274193075,1.1549695976982868,-1.561591057622743
589,-1.0587890224675407,-1.272341015638649,0.13744076459059315,-1.3495076443651535,0.28710851728796966
512,1.7150030407191241,1.635410118831251,-1.600737950909361,-1.0004109889293455,-0.3912213351043418
341,0.42520257523344157,-1.7030163102246039,1.2101462990884522,-1.259383931171386,-1.4665369283754852
560,0.7264805426297026,0.3909905865511977,-1.2698880940340094,0.4531495983782769,-1.5895109277876869
367,-1.6831408169481628,1.5894899451756261,-0.23767896230880103,0.9912473009969482,0.3491519260162802
505,-0.7448372228717469,-1.077203789971427,-0.2316976389763922,0.5928832820109072,0.30465073810024734
835,1.1056194945621463,0.7168121376477815,0.3262225342963343,0.6259497498296612,0.44926676773889385
392,-1.632215049629576,0.5107572647389803,-1.1672755960393058,-0.1909129001254971,-0.6815510986646036
496,0.020568055903755163,-0.5312800096352558,1.5069364655119377,-0.8178009100522647,-1.2038478047486125
481,0.0570575634175591,-0.28796029699228015,0.575555021769564,0.468112422978682,1.5574344772488737
155,0.6614833324569911,0.8432086910347822,-0.7020419717730766,-0.8009225238608693,1.5476169838859934
408,-1.1006650218373526,-0.4571025932735232,-0.510642883212298,0.176368842033537,0.23508798868836484
616,-0.27998875528852984,-1.134840148840351,0.9364458818707845,0.07697302364222894,0.9682929459692862
162,1.1952406351109306,0.8392681773058441,0.8965620751796632,1.620502256194535,-0.7166731633294643
732,0.18365043071569193,1.199937755444174,0.6562375235568575,-1.3890308614417384,-0.12726591087025257
530,1.5723521991032499,-0.3840768226414135,1.7375137955869027,1.5878061742793705,-1.2222118282664067
647,0.7731145516507459,0.6943966855611446,-0.2471532808297203,1.1812048056547486,-0.6315884293955425
176,0.047635898065481797,-0.9211261138496974,1.1713667816709483,0.2835015594802616,1.391124196197721
407,0.6787260784210292,0.044291191658612596,-0.0067777619702159885,-1.0584966857338918,-0.35104898383177496
26,1.717274649795493,-0.4699064748341865,0.38878296955049624,-0.35020377216543513,-1.0683026648691576
684,0.8017535063229483,-0.5104460305347779,1.2464446399960436,-1.3522645622174878,0.042166859171056954
798,-0.33459010457433913,-0.8326542062447925,0.3594396193765182,0.8987985240765891,1.5527118676325644
980,-0.0484180643044995,1.1871699865553458,1.0482732972878426,-1.0158178670447326,0.046545727192792145
970,-0.8142677031929728,-1.0620200126628525,-0.5100401570758933,1.5075561543550589,0.1051718382931435
424,1.7496173672131974,0.19463394724977928,-1.303422222559449,-0.3291552436619145,-0.2991542359231092
163,-1.5776226891409741,-0.40000490429335883,1.3626669851799091,1.5749317434160284,1.3537547222068984
876,-1.4405064210271363,1.607587035690173,1.3719874642120913,-0.5227137663459946,-1.0584438281095052
940,1.531901628988432,1.039474631938851,0.9955360930635697,1.3107004291713007,1.2880716141212087
664,0.3079318231930222,-1.5740791769023612,-0.4536296189025951,-0.5765256585461417,-1.2455980851390986
449,-0.7140067367604954,-0.4809089876464362,-0.8068976680163256,1.331333110885644,-1.4517853635021278
971,0.3975357192805889,-0.6142832562142656,1.2539520444960088,0.1886689022475574,-1.5319770344227897
28,-1.4340823632128787,-0.7421125567680013,-1.1854223995577187,0.4851485474670363,1.3995259610135122
523,1.0174163217526517,0.2938383466092708,0.561362043450673,0.6997110313756106,-1.172532127378808
586,-1.5943819121329605,1.4052454085655741,1.7508269145182995,1.0266013837598942,-0.8213922022645054
411,-1.0344353228685603,0.31445510394578124,-0.927422302957071,1.6694796013107522,0.3510426675921402
339,0.3955354969586986,-0.3935244257262376,-0.04533078165039995,-1.6791384635659348,1.494957942139243
724,-0.5262753288799437,0.25603336316660474,-0.7773441977580485,0.9070194611024858,0.33912398413299116
432,0.16082716106150186,-1.001463787178706,-0.46331686952171475,1.5365457530313373,-0.06658243036929573
619,1.6029005824169196,0.36409440748750954,-1.4952300181259102,1.7418019558963664,0.23916902852839192
382,0.7367982988558504,-1.6404628835308486,-0.7612652300027599,-1.1330436130252266,1.6548170587120856
101,0.10959775133971189,-0.7501609520119358,-0.3752920214938317,0.49218194899680373,1.7096739880583092
775,-1.3799052287252178,0.35031064812681306,-0.1262986883332703,1.7365588665707414,0.24908538594108662
468,1.641029155602338,-1.5152624390481881,0.8685332267780481,0.041673905515681814,1.6927007098553268
459,0.8479848618428253,1.4076457692373538,-1.6012108674894483,-0.09801270039021545,-0.7780903207514234
276,-0.4451733248230402,-0.20827409216740744,0.9046414942320811,-0.04994061332430291,0.09879288131146705
151,1.4304010989555698,-0.6882705270174829,0.1097248258638565,-0.09424172540659195,0.6207068322203547
366,-0.11951124797834156,-1.6649401471515688,-1.5482175193447791,-0.39358870814338587,0.6280288394580154
975,-0.24862656520441412,-1.0852701272979963,1.3820976086531782,0.10958511172360726,1.7131111438858637
54,-1.3296040391414352,1.6603979383362475,1.0856953420167468,0.3075737716601202,-0.02442561983629228
889,0.16532877255588702,-0.9633779007947947,-0.06455336259414242,-1.764042011087571,-1.3822485013298815
329,0.48986963923779875,-1.2492616362195468,-0.3278431245594362,0.2792533802504882,0.7287869011253267
544,0.632024623504603,-0.04708814073228501,-0.47371344182536984,0.9078687191418605,-1.1409791298056011
707,-1.5131684424681098,-0.24734598478730077,-1.6711643562701235,-0.2566181791529288,1.196620982428809
615,1.3037506749946777,0.787449873295981,-0.4150508235288212,-0.5132997233202488,0.09974820243854063
582,0.2556571143138999,-0.6933768644120168,-0.4311799931060382,-0.9973042033778201,-0.02202604401436166
973,-0.37257377274651443,1.1161303160515592,-1.0464002562753774,1.3882452630172446,1.5372738516304147
158,-0.7153531441903461,1.6972812048427492,0.18366079457192358,0.06613618861025987,-0.033081824114514685
300,1.1527567656842914,1.5815669951397349,0.8793694815177485,1.3228552623627672,-0.9095430114119637
837,-1.1771343180177805,-0.7719534597905826,1.6603680335040785,-0.9868663684310213,-1.5306094277536895
948,-1.2467732374188043,0.564951717112595,-1.5731961332235012,1.429214332113071,0.9583834184069553
633,1.1460115475871309,-1.586939779422777,0.13840773214280722,-1.044731200808235,-1.220946667317259
598,0.9531370933379371,0.9948004996128009,0.3254704610138407,0.43527585350625453,0.4326278886640815
8,0.8937975218865303,1.2317619182741564,-0.025739369122373217,-0.5214344906653432,-1.017435801622039
359,0.5720666378036992,1.513783960594232,0.8552168162553655,1.5884759240093982,0.6032346379619644
905,-0.47357910615036813,0.6919655754996075,-1.2754095617361945,-0.021653882012760417,-0.7565553319528958
469,-0.929030389557886,1.4512283588017447,1.4898095555030335,-1.557742487189588,0.12472856169028351
391,-1.4906793678592423,1.0835642772211436,1.4581355803779599,-1.2210228818058324,-1.6210708451630227
832,-0.5447660438073204,0.3995503833677614,0.6649182491261812,0.8066350076371697,-0.16548988577992188
125,0.2866785889265233,-0.22433950497211688,-1.1822831586108042,-1.3566706112200313,-1.137388801988131
922,-0.19546508440583732,-0.11974568014327693,-0.14905917684693953,1.0504514608401008,0.7390930671915773
454,-0.431640306127176,1.098294137632366,-1.6363370557202948,-1.2329500672443958,0.5901247377552442
729,0.2982730593687904,1.0222511433520367,-0.5395056172978183,-1.0504924143046321,-1.195519072041513
672,1.0472908904119902,-1.5109541489803928,-0.2519418346702057,0.3051895327029437,1.6666929965371855
447,0.20399935018190785,0.8373155807395524,-1.0749028961835607,0.22093313582984805,-1.1482779456998287
826,-0.5387655344893522,-1.209576312150738,0.9437190223841565,-0.7063632831295891,-1.3462985961105292
658,-0.5744524478883657,-1.4755915365338326,-0.3852691648913677,-0.435805782272419,-0.11334183812828694
44,0.896834699284114,0.9968837815427786,1.7480429318471098,-0.4594206851191313,-0.3581668056319313
409,0.2198281364514991,-0.7944265402431427,1.557010874430993,-0.4865503474653686,0.2998052717567104
220,-0.8076313809851702,0.07085628703378902,1.6308467083032343,-0.5876352661678182,1.4710030168755557
501,-1.0871169035138635,1.5580026214754121,0.9316018288987021,-0.9382507021292409,1.0093594607151297
153,1.4548888827719286,0.9321211463401406,-1.5521741659459987,-0.3091372849215219,-0.16832145157341794
271,0.7302065969570704,1.0093627772649625,0.907180516162971,0.0647027193571438,-1.2159195791207487
899,0.5379429153547092,1.4558701932136542,-0.733125524951094,1.440387663855204,-1.5219429633360693
880,0.9811642705663289,1.2606752874297718,0.1418043180651726,-1.0126022580688685,0.8795023212028183
383,0.9462438109792259,1.4239613708236156,0.15357589969915825,0.9713305215313688,1.5300348573701386
284,-0.6669159394329272,0.44177508966804135,-0.6489988690976211,1.630573773810764,-1.5713031164382831
783,-0.45893692980369793,-1.3676529361813496,-1.0044732128676732,-0.1195617122739927,-0.8442481162908905
217,0.04990195151334756,0.9176675990950014,-1.429827396506885,-1.7627529432924263,0.35837754666720123
208,0.3896719908219577,0.7786866670087574,0.34949837038307247,0.82109164162544,1.5065109404415582
81,0.07428476207455487,-1.0334755406539806,-1.505450427063845,-1.5349377341005457,0.35628001362443024
145,1.7219152393836803,-0.45253924461046896,0.7766137603027219,-1.008501416589326,1.1419636227917451
368,0.033864506156481795,0.5061011381604714,-0.08726391108321696,0.03428305066791201,1.5026857120970107
551,-0.7994284476322573,1.390095779042012,0.21585360241599444,1.10458123777422,1.2676254885804839
648,-1.448040511943924,0.9861688472350126,1.0734336017290544,-0.33635510026419907,-0.5814823651720555
377,-1.647075389463208,1.5011262181123632,1.3929110445555155,-0.6292008419736537,-0.43439333214371
96,-1.4210331536551772,-0.9507634347845252,0.5513787727169736,1.5385071898158662,-0.868856929913164
461,-1.1000271559424533,1.6199569780178877,1.7091348505938888,1.3458172282862324,0.0963343354430554
490,-0.3711062429411397,-1.2483352709820352,0.8323715960452006,1.3471423147169619,-0.37465400842823166
74,-1.3128470263609888,-0.005736828337400317,-0.7729805335784746,1.5377515083261641,-0.8092606361262074
0,0.0368294984236726,0.09053296293100296,1.0636135249850738,0.49055617717728206,0.53636843085385
313,-0.7443164064487017,0.7686201824731331,1.6446159504988658,0.21936989326361467,1.1481448004094077
860,-0.9445658455641812,-1.6048080247938137,1.5881353979567814,-0.0072255106599081135,-1.1606677735426045
120,0.09662736665741525,-0.6633560736723445,-1.2135836403811684,-1.5832091283344834,-1.5123405051782455
294,-1.1335037056380768,-1.720499864263242,0.1781041188284115,0.26800681362280526,1.300148280103359
682,-0.11993127883429605,-1.0238176215652677,-1.136473571018979,-0.05219493241409912,-0.9033979020874482
440,-0.1574544715624276,0.5131417620626132,0.26659809151512,0.6851963593908841,0.4807179534162717
738,-0.8218556140686449,-1.5201928176237216,1.4792514456420367,0.9997905188350906,-1.3463028098379972
234,0.9791592284323609,0.6581217110634211,-1.5355807831740964,-1.3501326404182787,1.3391887168123304
836,1.55197186247389,0.3400477935958534,-1.0017970463851742,0.07617877732622502,-0.04759921595800904
605,-0.6933187575122438,0.784296943954668,-0.13816293486120282,-1.3175036578454031,1.367059314172951
611,0.6144365424006736,1.040907848106539,-0.36965880298230136,1.7343221173424725,0.18882549899097725
690,-0.45887154540145036,1.3207519498807494,0.059516227479163394,0.8336695376757541,-1.2964148465209229
111,-1.0239537629099809,-1.4755631763858565,-0.4904644129422148,0.09378499098948001,1.0804964193337114
438,1.4604437305018911,0.7149707350532549,-0.0669655104406715,-0.30566035644202866,1.3374396582625063
814,-1.5753318049584881,0.45424217856026405,0.11614459811005315,-0.005722648274975955,-1.0943454290463026
709,-1.0359177989432835,-0.9816091730438959,-1.4484101367265385,-0.9439608024088003,-1.1507093777040978
240,0.5115791902622528,1.2016839810580575,-0.48342377907759687,-1.3288560396593334,-1.3904913782854913
416,-1.1848731163904058,-1.2504193106933768,1.6551658236485884,-0.18985591047036182,0.9310510051115294
670,0.16494455778215916,-1.5172046469542004,0.06284327669351333,-1.0189391196732198,1.362033057688031
903,-0.18007125058084278,-0.6592323459110994,-1.493268079748211,0.36395099158774136,-0.5485351618297666
369,-1.4207255427443757,-1.4695674920471,1.409253793579239,-0.054749690142320784,-0.14426899671036392
357,1.3674754489709575,0.9716198889551183,-0.9456880276926696,-0.09095437458016957,0.04673090960623381
471,0.6155421263173197,0.47784199404170297,-0.9165892303779075,1.1953403372311795,1.0982010076991409
417,-1.6545997426527308,1.4149955776734593,1.6809764658858748,-0.435487574945952,0.9662271587482815
48,-1.054671950981371,0.2451435226570978,-0.8497236309040241,-0.3355329291844888,0.14082293267005955
290,1.2723926898270597,-0.8261696873358888,-0.88054844669686,0.24212075023140575,0.5271449065066244
380,-1.015529541587725,1.5213539654511832,0.4098292541158698,-0.9999766311961341,-0.24418955775041726
263,1.1521285716387666,0.20541005960605938,-0.028148371390594694,0.6270657756684508,-0.8664171151554526
344,1.2789265102142289,-1.0757575698065416,1.2007126051843873,0.9650236698448024,-0.8893822637845757
734,-0.9817552788000543,-1.603962315899187,-1.055344973341973,-1.0323198561849152,1.4346117447318691
79,-1.0404496212417849,1.6349194493385697,-1.222159289284278,0.8496584263706267,1.0432452991126158
93,-0.002208292462280099,-1.202241372665561,-0.4409448365302876,1.1879536669218793,-0.6376147360213321
522,0.8974438096234676,0.8567855493446624,0.39685033019794086,1.127909136457315,-1.3196467760685473
431,0.31766549839019015,-1.152322894593285,0.6822994472658007,-1.0486616184641038,-1.5972409698536127
516,-0.030958887556756787,-1.2817048130609774,0.8234515529275838,-1.6456173520273158,-1.568115059823152
878,1.5120650211011348,-0.00898806432547446,0.22873425147434273,-1.2304966547696667,-0.8472298466475082
785,-1.6473534875454907,-0.4472484110043451,-0.9252965358309319,-1.1937343033473646,0.6180609681808001
100,-0.43466686470792937,1.33460760471382,0.6908624986448768,0.24302411186325984,-0.43742198677205074
533,1.0805926252034714,0.011410436473346951,-0.8152466567150971,1.2803021492973172,-1.3249899940149603
137,-1.6785739599552092,-1.0624830018429507,1.2520453703491021,0.6206866068821513,-1.3592935495109741
171,1.4335240480974425,0.959904117041772,0.4797360159963517,-0.8637489223251223,1.5847397488118595
350,-0.880648485456505,-1.2420828331414675,0.39361383409950224,0.6289893231067023,-0.390519924887896
483,0.9414098501877765,-1.478080194264821,0.11447958743690466,-0.8719916496038327,1.529641668402615
34,0.23251140558446015,0.6569730072572335,-1.2424058319760891,1.7368376234334584,-0.017258862894090506
142,-0.6027336827974664,-0.9232105416779759,1.039077136622267,-0.3960430536597493,-1.4841776434154075
746,-1.4476994313072387,-0.6839756862507349,0.4745788087988882,1.452321588202655,1.334189031305675
278,0.8733877594449208,-0.2011141100854211,0.8294340032364779,-0.012343646485748453,1.314554363254935
883,0.9979274463282478,-1.5833393647083795,1.2316272606555658,-1.157660495524516,-1.5104905311096164
603,1.7231493539566562,0.838136970843768,0.48451469876594994,0.5478605639720484,-0.1236396454961708
666,-1.3850752459117952,-1.0462755809760802,0.8042122129532325,-0.4571253420897124,0.9735577496878686
191,1.4101721799158973,-0.6027494433768533,1.6323443131404327,0.23811048176277805,-0.6787003693638233
597,0.7779988341709926,-1.4216518545761407,0.7465513308031492,-1.533681193895967,-1.6064345320974542
310,-0.07032067646891581,-0.9762693370782737,1.0737922194337612,0.11888082948890903,-0.5100300250756441
192,-0.6413984889581917,0.017877662738008646,-0.7435075937407812,-0.3293690812466608,1.630924220184213
174,0.44313594460650807,0.9178053831977175,-1.18982484983515,1.7551222111040858,-1.308916661216426
926,0.9886793369855911,0.5593754687796272,1.3411566620074948,-1.3298279371914299,0.7019735721091424
29,0.34476815892940404,-1.247320628167866,-0.5886869983423181,-1.696065419890994,-0.688284153073521
436,-1.4192158775499975,0.8166897852698803,-0.5234520952934085,-1.3053769359218035,1.2495039264136423
871,-1.088699606311734,0.011724339423129015,1.144874007398442,1.7207943730856496,-1.369633740307861
912,-0.5433867934527131,0.27108762569366807,0.7893897041901556,1.5921963879745227,1.020029269473558
937,-0.9982278564728105,-0.7283252910724658,-0.5390750608670011,-1.4717477506569343,1.2075194682776893
718,1.224756545946474,-1.7177829858804927,0.0070804056672488114,-0.43839093128181855,-0.8525231459633155
285,-0.946532039660882,0.3680217543454287,1.0902161522203135,1.2292188830282924,0.49346218943228665
118,0.6834062659617534,0.4646303744040896,0.4443502209227743,-1.1437594507098108,-0.7493071545280913
502,0.33875134292575454,1.6062209079527836,0.5477059564147941,-1.2963194414991126,-0.20406198508895698
911,-0.3600894434063437,-0.4569472469812682,0.32831854111017017,-0.04372751350179399,0.4466733478650065
400,0.5181424860448406,-0.015512453173130497,1.6686388188831425,-1.4137202036456091,1.2883977278853833
242,0.8802745777584466,-0.8124386219410106,-0.38252060331199317,0.947145669208195,-0.10911804815205116
283,-1.5776970389354872,1.3039888432682558,-1.343868897830654,0.1698743070227468,-1.3902608153739473
358,1.5032707475880405,-1.1355676445259437,-0.18772082356301611,-1.6498458687329731,1.1099465227898084
296,0.6522598870925433,-1.453492502716669,0.754978224321498,0.35971315685810734,-1.2750895647575202
144,0.18947651097216509,1.1481272166922056,0.8356336429618922,0.0797542672937246,1.193253288585328
352,-0.8669498775309614,1.6161450418716543,-0.4484592417097787,1.2232524439309163,1.6041908613244462
668,-1.6606976266866116,-1.6371852715707098,-0.4011164881518045,-1.5369725038381319,0.47722373883283054
427,-0.5600133664811181,-1.138015721073112,-0.09409630829509306,0.6847268946418436,-1.566986523846101
297,0.49476208146793815,-1.4096860463292409,-0.18123223837891236,1.2081025570406705,1.3843010525079107
882,-0.22153362018223133,0.3493232385540999,-1.0746284624083895,-1.0488692510436062,0.06753139214952623
275,0.718262562653024,-0.15082297193471803,1.4797783963253972,-0.2881419727597521,1.4692643944034496
723,-0.12880861071840663,0.7630553116816142,-0.8504319204108617,-0.7051584386466637,-1.4835231943506808
103,-0.7527693349228047,-1.2573131477840938,-0.5185193740486153,-0.1097338798447028,1.640278762163404
646,1.032212504826166,-1.2675816135062687,-0.9107400851141486,1.1678139580144185,-1.556126342724643
51,-1.630515718099758,-0.19387538494918619,1.495045502325383,-0.8445391627302375,0.5611447490290615
119,-1.6548793754273143,-0.415063150456969,0.6508297833711191,-0.04168478952818893,0.960563175357585
492,-0.2060213640906433,1.5066260269723915,-0.22034414503937094,1.0445403859932696,0.22383486420820878
24,-0.569113266575818,0.07657492025750647,-0.14203485856401732,-1.646128509963095,1.3054249104940925
453,-0.47217296441306367,1.4693591260062282,-0.43656487530303406,1.6376395910501667,1.1774747770966223
465,-1.628503337209785,0.9269636058246281,0.38281145226808194,0.5550878859288536,0.0369460445779632
763,-1.1480612211541315,-1.3677142292994362,-0.33526853381749583,-1.541326017435713,1.4311145876099978
109,-1.2425335203680428,1.673648328819073,0.01981460920545013,0.7178852754194683,-0.31707287331561906
565,-1.2228465540327385,-1.040247675412939,1.3962193593502925,-1.228805777587212,-0.013629774644521697
415,1.5903420363134677,0.38753571398353753,-0.0882780729974935,-1.4352106341493407,-1.082912340162765
953,0.9422371498532732,-1.542218114163988,0.8927058278033823,1.2025080968714574,1.677552777065825
6,1.7191913826855791,-0.5952798064313144,0.8718247607805942,-1.4839758107329215,-1.5788076935223054
156,0.48463042643470094,0.38817419138027526,-1.4468863235855698,-1.3337114273748656,0.7170411379986221
298,-0.9254830253884553,-0.9088571929432221,-1.2871901205511154,-1.042346864601932,-1.4442707313944976
677,0.1400414989198389,0.6925300951421995,-1.4643187061773937,0.6363381929879957,-0.6307773350107205
172,0.8606312159805651,0.5834226535153324,1.7295721662822414,1.1769707934952318,0.892001240678476
531,1.0999725540643757,1.6468213062302248,0.871611880271224,0.0026956296851875423,-1.4887709373912386
769,1.3402128848706463,-0.7618911639530055,0.91753759756937,1.2431695064777442,0.4750668179933727
327,0.13955131393575237,-0.7023151973308457,0.9589290305388621,1.2642580759011435,1.1368648906834082
671,1.1127171573975074,-0.845190889836137,-1.238169158537704,1.753317486865874,0.19470879032357954
628,0.8409688468792453,0.0884198331840861,-1.2968222924291772,-1.5100718990626116,-0.21352074336969873
295,-1.5571342641015846,-0.26083956022859495,-0.3778069129125925,0.6907756833040922,-0.09736821454195146
375,0.841125917720207,-0.9646730243197351,-1.457612476188492,1.350852496521526,0.5440416118667649
988,-1.4880256552408642,-0.840203721117894,1.3191039099136814,-0.14493314227987325,0.4985623514034447
804,-1.5949645959656913,-1.6949730271861507,0.056425646959422156,-0.3182919635844496,0.1465097345204385
244,-0.9924768187959303,1.2312130141790512,-0.26086920261163044,-0.0601763394016846,0.5793606475391371
950,0.9121751347530405,-0.9054454540693976,-1.2811560780956808,-0.665562240231271,0.2549362862506801
703,-0.18131913756633994,0.07655759220896197,0.0603399192997017,0.010392462288592934,1.3439714008313297
967,-1.1693889481804771,-0.7418725143060201,1.6573253807517143,-1.5854903244131802,0.20734763398427902
514,1.347227002398521,0.13405658393902112,-1.5485971367725258,-1.4457626970416293,1.4010949593485174
126,0.7470028455215357,0.9207055366234514,-0.6736505501924142,0.8319470813238671,-0.9707541275712787
430,-0.6207827555378855,0.3060513163639244,-0.8315253302936071,-0.738686736161709,1.341000301933889
943,0.31444990997227806,0.8226995554386403,-1.6496593747656942,0.5542960249124396,1.4552114840032249
916,-1.3298567901686662,-1.2780064716654562,1.529829076661547,0.8703457671620562,1.6524066122221606
818,0.7927891591529767,-0.16410103646620783,0.13531924573437584,0.8422193972183069,-0.30417587563708626
388,-0.07097006373485358,1.010502498785292,-0.12430370024215555,-1.2653894115239233,1.0776942014214375
547,-0.5030475658204344,0.8064057273092192,0.258381690594562,0.37451757046691597,-1.0668738564142173
95,-0.6968827798524511,1.260780651183057,1.5483460491233427,-0.8420968671486545,0.2087387299249503
188,-1.3689424837616373,-0.4196472409726495,-1.2497204173816652,1.3826225883858683,0.6194160656276392
115,0.850609993180523,1.3064623730204343,-0.9914848285136147,0.9438596859076833,1.3749564223768438
987,-1.4676851110827307,0.6163878233152479,0.6005996873118035,-1.66332852728948,0.0906005224347432
428,0.053571038412736326,-0.39077422938698503,-0.47312016130326856,1.1334060319252521,1.578978665967441
448,-0.39649222248440064,1.282149818776611,-0.13192019212257614,1.1902112243471468,-1.4110492189672663
398,-1.118032410444896,-1.0758840437872197,0.6017970130979892,-0.6418591477279249,-0.2933403993315375
326,-0.684753619319829,-0.4465060401753736,-0.6423750062909168,1.0395789096108337,0.10209883836417465
874,-0.3648832864284398,1.3169790658410532,-0.034323335429773734,0.5391258067175551,-0.8199788627676474
569,1.5190280056922687,1.13496875447009,-1.3647359212510692,1.4116307000326236,-0.4294253477687456
227,-0.3912486921512186,1.2535131038512122,1.6337713522786919,-0.3260090997402449,-0.4455421219814396
918,0.857395441453421,0.4221740322098216,-0.3938602099317606,1.618076723872595,-0.39565222508863485
241,1.1754411784629495,1.2336661435661211,-1.6733360630127871,1.7095744929248613,-1.20708028989524
699,1.377734077540905,0.6165025255419966,-1.1920939257686471,0.9139238531033064,-0.13335341266428252
455,-1.5808326918788407,-1.2525914749433815,0.23450606553343661,-0.015743666469331646,-1.6063309208848473
942,-0.32379128275069186,-1.4698139075171972,0.6740229303238089,-1.488655230200564,-0.02993759976416119
979,1.1940175344992268,-1.2946070036260366,-0.7627060638065501,-0.478988815563351,0.949759222566412
289,1.3982675215696565,-1.240075832248894,-0.838305673323765,-0.7944369497363032,-0.5134514457667
78,-0.625000494434927,-1.653602549492961,0.12523021290652966,1.5880423498091893,1.6027898720469889
105,0.0673023757152645,0.2731967757583476,1.2505349561973522,0.012977718302900561,-0.8963124046034019
599,1.7530961060811319,0.2697571774171442,0.03614379426696712,0.6107136332810149,0.9270099925004603
138,-0.6248415311125474,0.30185687625598645,-0.5949335271909382,-0.3231001717648248,-0.8279192472517454
128,0.22026914805893055,0.5814597694941568,-0.9289954854038096,1.3328557542818769,0.9955255504753892
237,-1.600646493475281,1.0669693747439892,-0.614927968484171,-0.46942892666140607,-1.6063033203395392
39,-0.14257364191227345,1.3557401472396322,-1.5911070262778924,-0.3898843814651998,-0.9319885177529615
82,-1.1846310349186495,-0.09595500949348153,-0.7816428201554968,-0.888663016264462,-1.2366686319593503
434,-0.38963617295850955,-0.3380327016326017,-0.4428851408533769,0.42456023862751135,0.27700030431000505
354,-1.0564152318037983,0.8876487869974535,1.2738469110207395,0.8726519589230256,1.3993511210420904
919,0.7604136198001824,-0.19278287494960433,-1.41751208360159,-0.6388452183486858,0.06284314054788663
654,0.5219101997756523,1.6791223431233733,0.5040902470186405,-0.7369214162199005,-0.6620224872328767
57,1.4139467996577593,-1.367321983351345,-0.9514916415951827,0.614581462160231,-1.2696440535055138
11,-0.1392802709455795,0.5589741031524156,0.21484836379367764,-0.640029121446897,0.7959751954398044
946,-0.1730409493744423,1.2610818381148827,-1.4762614731236305,0.9556238603623083,1.51778388674624
175,0.5805885057084623,1.6008573934202572,-0.4645779864781257,0.010513099877263262,-0.7515769083561188
332,1.1882744585406153,-1.1426007249065797,-0.18331126799687436,0.9389235912129653,-0.09962636019929648
370,0.2065399583035028,0.21061212822410993,0.40422339991704376,1.0750776133797977,0.6377762057566194
545,0.8170436874380557,-0.3211254791336308,-1.2742506865986774,-0.48426307391912193,1.0326686682128587
160,0.31290228728376435,1.6401418271505568,-0.010060494097262207,1.1488109644296645,1.5720222371848243
650,-0.3295022348574363,0.18193493187688764,-0.8387558283304486,0.1169924152994892,-1.0199932305276898
640,-1.4642525183599493,-0.5486153230095192,1.6406401338474872,-0.376925467151806,-1.6066964124626335
287,1.6478763129671792,-1.3048351391379707,0.5653607535493993,0.9883257155539737,0.43833325281797353
881,-1.0496761174511628,-0.9231121045390591,1.7464355923588755,0.7019773987587395,1.1697837503283945
10,-0.31692100063839984,1.5120461066480244,0.10259509693272045,1.5514423251277973,1.2676732268200972
161,-0.8059452456320556,0.47175708270415095,1.4956385706305495,-0.9767227921622064,-1.2904809491966587
653,-1.5456150368691817,-1.401989076937192,-0.035953957080217994,-0.7962811121681275,0.3249578285929907
239,0.0018021324595595674,-1.1930334978997983,-1.2520194247709902,-1.0343669184528281,0.9945542319304512
229,0.08959691376687078,0.5083190581069101,1.2486683517605481,-0.08365928363980328,0.37441008923187147
602,-1.2529312156950174,0.053683138173504445,-1.4961923858237414,1.1415931626194205,-0.5676954452898069
50,-1.6290503256633866,0.34077786042454955,0.04396410961894386,-1.0098099018303617,-0.33903721219246874
759,0.13241423189542467,-0.7987385391489299,-0.2385026524575682,1.5229786307427773,-0.017635924719938294
253,-1.3726475812371344,-1.4228379839900822,-0.10622417135716708,0.35755017827336527,-0.6833111209223386
524,-0.18815236476486735,-0.9187139425108912,-0.5412005399909767,1.4364073137495375,0.4624242485814339
692,-0.765038392830213,0.8490043759402143,-0.214332913415895,-0.8301532612625381,1.6351884861477628
711,-1.1786749175735398,-1.2453788978906435,-1.5356894647423749,-0.5960327828474997,-1.0514630734768136
727,0.8739026308360123,-1.0566322355161692,-1.2771823538003904,-0.4730614505974285,-0.2309420788605128
433,-1.281916856452981,-0.26226090496198284,-0.6113005010145995,-0.314651885137492,-1.2937075531168456
576,-0.9946814544908982,1.587791230854065,-0.011337548448325359,-0.6550655948186844,0.8632177616483864
55,-1.4075035811706942,-0.9248117561299233,1.2726853767079063,-1.1910426790095998,0.048626092961429696
962,0.4269935840779673,-0.3200219644332805,-1.4498827233529838,0.598737941595,-0.8375666377031741
363,-1.322192167798113,0.3332628944817011,-1.2817130378384443,1.2636308340904807,1.394932753398713
486,1.3633254690493395,0.7751508832892888,0.32928039274442905,-1.4542980382613064,-1.6076551769297907
225,0.8038095210747711,-1.3051318530642282,0.09317633555010486,-0.9070660109666485,-0.90583640572201
482,0.2665743504766136,-0.7369016252267943,-0.9305867680713841,-0.4188960600047671,-0.3100131768086568
372,0.9110222137910281,1.270709844536836,0.9512177867777151,-1.542848903070453,-0.7847035173553197
552,1.349298812985036,1.276519938112324,0.8602333985102483,-0.38188533488108695,-0.38958240900549884
443,-1.4985539493574274,0.7421832645759698,-0.3292879536913001,0.46135960523015485,-0.3225861677480854
168,-1.1562425245245875,0.2752715184820913,0.8101882681695681,0.11160555768971019,-1.284102743505276
195,0.6876609268351355,-0.8718774708994175,1.4021841888765985,-0.3159092136697811,-1.2364593544156735
566,1.225581334322897,-0.5584212384438265,0.921701976735404,0.5477409643921076,0.11180538735056156
642,0.05740815064859985,0.27224403306033523,1.19975009872876,-1.1474819308039437,-1.0705304629341827
802,0.38152251683734495,-0.32322799565978777,-0.2700113335515867,-1.058098203440062,1.164255841449415
60,1.728654702730813,-1.5579588805332418,-1.6703100895943186,1.6042174746299227,1.2300163468913436
215,-0.9586949798442038,-0.6880071276276782,-0.9582104585986995,-1.1151480043058113,-1.322572646623375
136,0.6059510553542959,-1.2021693719365922,1.3256317919487546,-1.2669575416450667,0.34523168128021786
617,0.6776116040477141,1.0506698747592176,-0.052911406884002254,-1.6142490143091903,-1.3980359118380434
403,0.9525933147519462,-0.8255002976399981,-0.29858668124100707,-0.5920859448138613,-0.8837546414281232
5,-0.002770897621889342,-1.208340392825406,-0.7485536544108364,-0.09115296193883533,-0.4030525987830957
932,-0.3940482351257211,-0.23795170964294285,0.6781959355473243,0.4207796247799824,-0.8012873409822376
806,-0.7202682870794971,0.015668287328731528,0.3510554247920678,0.30331723108595565,-0.3516450567563241
22,1.4875772055003242,0.5931369282443718,1.718920596223017,1.0761287009824856,0.4320274162583374
228,0.211287971114055,1.3579677549157478,-0.46317929343939834,1.7104204473945415,-0.3258770119024426
705,-1.3517587463706753,0.09664741179526322,0.03976247776939127,0.4250650869829551,1.416227540394152
676,-0.48602212452551197,0.2557178540453537,-1.474293135223965,0.4922146048450689,0.27666123264900316
858,0.7763389400282128,1.6188599335546003,-0.02658479125710066,-0.5781599819423311,-1.4027431284471552
572,-0.37312774900082607,-0.09409796361537073,-0.20611705862402652,-1.4745082666586036,-1.4538188863917278
606,-1.5638563418850704,-0.11524533045331972,-0.8537781749065804,-0.7011544978000757,-0.8483441173207499
21,-1.6628933371555468,-0.7803530460319188,-0.8304777738054036,-1.146782028661794,0.7656077479154445
851,1.3216923013500772,0.9439757741240861,-1.3777143533979332,-0.4745051552240252,-1.077814516991786
61,0.8149226204729247,-0.9030717843417245,0.928141620509499,0.0459149632782541,-1.345273464625001
12,1.2285967365441288,0.08272665394919786,-1.6326016485342092,-1.3485719566437064,1.2171377889283355
781,-1.204677822285105,0.6258566886028226,-1.608840303417046,-0.8794337606045379,-0.752519847507025
665,-0.18445065636619212,-0.859663669388414,0.435035830798513,0.042640918145464,-0.42965914727974525
920,0.4109722914468646,-0.1430602754027738,-1.3580157115993725,-1.7340321884740812,0.020344566407709007
540,0.4772279361451847,0.7347885552875707,-1.0770503744030284,-0.9730645229000856,1.4352750243714707
230,-1.6418677761547629,-1.102622351821068,1.5321315891839873,1.355182405771993,0.4212914680391632
528,-0.7654936628689233,-0.9366717605653899,1.1738752136066715,0.036747165902424196,1.5572703367426715
107,-0.7183640198426793,1.5582761885159853,1.0383417906675685,-0.5411234324606127,-1.3434896784932449
472,0.040354384611911986,0.040877427064710814,1.0721725674369305,0.021174545817768536,0.6548164701461762
575,1.6128812421759566,-0.36004293056688214,-0.5942718934335259,0.23374718379199685,0.31235826668915184
315,1.1203065050785534,-1.4599744139707909,-1.3625006981718157,0.22504398678036355,-1.358239766712686
556,0.9842836923972957,1.04631613697109,0.304523433550153,1.242856623824953,-0.3393905247052946
302,0.5861111378549754,1.533701843622669,0.9996240522270107,1.416084858100043,0.9674806291127023
117,-1.3409077277486705,1.1374186913823041,0.6338674141456945,-1.6427201799535462,0.6721718617359359
18,-1.2148499299328048,0.5058197512305742,0.9982081957915666,-1.11915051513778,0.8532821544646251
675,1.6521429249240827,-1.0315438717807712,-0.5097276117391647,0.018508128135851152,-0.6748586093593059
346,0.8414857089786043,-1.1028438071835651,-1.2335317289098426,1.0340944253732614,-0.484964201348497
822,0.3522230438410992,-0.7477631827855018,-0.8429937927976272,0.07433513699784175,1.5729045329556701
792,-0.41326801567508703,0.8000836340401852,-1.012142209861485,1.5877066738354972,1.134316673149998
788,-0.7578379378197467,1.707531431327125,1.1090147690204735,-0.008387393248037072,-1.454635816591308
463,1.5917205268316323,-0.6519374544019856,0.6292214874071226,-0.8368334117066061,0.5399070045055157
493,-1.3287261091067117,1.1892286194613462,1.5691086098568239,-0.7624932464096483,-0.6987784472487074
897,0.9063127976391978,1.3926670093175475,-1.3164028958876917,1.0431843258755005,1.0737347276856124
571,0.7387667513951436,0.031182288752959312,0.24944541260381828,-1.0174541730295354,-1.2951207193559329
267,-0.24289182659642364,0.2843135358308008,0.725648771694931,-1.2151125862452645,-0.9771253943451618
121,-0.5518361412648343,-1.2116601963008373,-0.5963841377434367,-1.5967450021771434,1.3597834608339665
778,0.27642015600305586,-0.23689166391323507,-1.537187173445842,1.6235812597751869,-0.8776126318963748
810,-0.8219385897218007,1.2560593337296602,1.0930242026436725,0.7709306384502903,0.7559695316935192
689,1.0207771918326114,-1.1574466058783561,-1.5869801280823854,-1.2406770329705115,-0.9920317833286759
397,-1.5585826906325846,-0.20302384554526537,0.26167553655828546,0.01062256574803449,0.18024665645324023
683,1.3258153397017738,-0.6771712291239494,1.5916650171660427,0.7979563586352745,0.027616522765063056
924,1.310820501608237,-1.0422573305196678,1.0468278666969772,1.3277508744910718,-1.1738922444086652
536,-1.598031113583839,-0.10356951293048491,1.1984342989273926,-1.2374042746433707,-0.8809631553157281
866,0.6939383711865426,1.4940319907070572,-0.8339972289107845,0.8345648671393249,1.7055693625953716
879,-1.5916776675308486,0.25579756444792107,0.9120475494855365,-0.5561153600405951,-0.8454145359489504
838,0.5149955440805429,-0.1005257239751524,1.1800324250183245,-0.8593134801561295,-0.33632913763793393
809,-1.086512617939693,0.8609572278681852,1.0706184907616472,0.6297101775537168,-1.420738348382095
748,-1.4395370877873308,-1.459423827777711,-1.3198597277330317,-1.2371209150793248,0.2679285546642766
863,1.0418450292663053,0.03380265818464755,1.4291042744626854,0.6021003304029545,0.8872307045269033
761,-0.6587876573807808,0.6616005655226171,1.500143543955916,0.8938042671965036,-0.9601932085610109
243,-0.9709142756806451,-1.4055777632046922,-0.5771120297281699,1.1654128680192948,-0.0806496998709063
674,1.32006617410016,-1.3220352114206408,-1.3586062172499054,-0.26126460721944145,-1.3497234314468662
691,-1.3453058137239104,0.9625975086015158,-0.713352727597025,0.15551475213092827,1.5987013935896408
549,0.9673660969056948,-0.06278085939067284,0.7106463877206707,-1.6328167207307067,1.1801518758487721
216,0.7849848455306981,-1.5269169762669659,-1.6106993387835085,1.628883838634073,-0.6180502547923594
337,0.4178993650334346,-0.15972728217602783,-0.4642157122870339,-1.6571298602314184,-0.13112026943371474
725,-0.18825989511880797,-0.3892598906310095,0.2568771257508401,-0.02353138126927553,0.22587056057318397
636,0.23148415904503886,0.37239780112726073,1.2913963149769536,-0.7440181221179645,-0.4559773456392207
574,1.3048781477310485,-0.05778133617910572,0.5568109054533987,-1.4356388237060254,-0.8074934204755685
75,-1.399872964727613,1.313669379689747,1.187814541863298,1.464253992638675,0.652645782028426
900,-0.37438703727639583,-0.3390042793423012,-0.6500257178754801,0.02682198143517994,-1.0414308262265697
886,-0.1469807485496634,-1.427464177893541,-0.38221838049739826,1.2770910366965524,-1.5460699983755606
98,1.496934100659391,0.8834515633076822,1.6552545107844423,-1.0031272173692527,1.3885226035885099
423,-1.1976446329027288,0.8078716543246186,0.7426881958044638,0.5410772922363803,1.0757642461396761
791,-0.8969678429533395,-1.0824653512197262,-1.5166310867145898,1.4049039505567258,-0.11679148427449408
848,-1.065334779049548,-1.255098426810597,-0.6243033112841594,-0.11394510086934612,-1.5139138205132985
895,1.3952657147251875,-1.5591836148953744,-1.646389302606462,0.1601301776498659,-0.1036135301450986
861,1.3432558158495336,1.2547337477712668,-0.7965644596580926,-1.1906708631387146,-1.4433684959102744
246,-0.7166521871141891,0.8460000481512939,-0.453330773747642,-1.6597431863625256,-1.2919375102689907
143,0.26348501030910704,-1.0416658697643955,0.43715994234649935,0.27393676628178765,-1.6019497357875936
70,0.7683823581616632,-0.0010977770336336658,1.6136864383751026,1.4755169688653431,-1.4355876746009693
206,1.068327328522618,-0.8956150355844852,0.3739075054089666,1.3402766533913966,0.27908263289228963
299,1.3765490396446518,0.9780942596247698,-0.20964367118743596,1.1121266814395567,0.4673660972125741
570,0.7685032486725155,1.5487857273732883,-0.5389402151839731,-0.6965921465952368,1.0799941287129529
651,-0.6206229643935619,0.8650049498040843,0.33582753610671817,-1.1611013503205978,1.5787646804981639
587,-0.8614232186688975,0.5105946325364921,-1.3855381678935657,-1.6074500473133997,-1.1017416799872752
325,-0.5724437570786529,-0.2081212469234312,1.3219073276339859,0.5676332432059961,-0.33809774676895665
179,1.264163033585637,-0.4896715442652739,-0.035393988798731714,1.3691534759325161,0.7865674056541108
308,-0.1493154832329646,-1.5077572446894487,-1.3239107017414187,-0.680852766116558,-0.05503844082637399
740,-0.26589234131280504,-0.5513110049341737,0.8500239731560362,-1.7257201676578406,-1.2717937800814374
656,-1.2196551925977765,-1.5677216194973558,0.9901490635485478,1.1986521344351246,-0.35426091022213113
68,1.730277489777606,1.3564413389842773,1.0914895831135942,-1.3132857451256197,-1.1775977416548518
40,0.034299717502405194,1.6937128916658282,0.9980369621190834,0.30594071279220675,-1.5395596172564885
779,-0.47083328792289647,0.8558555267779776,-0.3154363755778891,-0.9898577561548952,0.40139188928322805
875,0.5616080511868101,0.195110032940819,-0.29061489572279847,0.27465446381810593,0.07506723601335152
620,1.4490340418598473,-0.37552074852539186,0.6260566794301033,0.7227684891494152,0.9154945445673195
83,-1.1197856468423815,-0.9592244966626122,-1.3753610154911327,-0.5724339285682494,0.6065267956178694
282,0.7682326213150603,-1.0247198992683797,-0.26775851944658424,0.23378143220694309,1.3905922230895866
248,-0.040839712030868565,1.0057544968598473,1.4871833246707316,1.6477660211351224,-1.2904051805955699
114,1.3971527334031868,1.1343218178472052,-1.0581804388067655,0.6287030252869161,1.6665648927516172
517,-0.7456823236594642,-1.0985066208147014,1.1398601606932977,-0.8328152686321897,0.9041699970201406
938,-1.4953422700738486,-1.3026185278268905,1.440278706187464,1.3669193852235413,-0.18028361398222645
629,0.5387825379098063,-0.2740807907790359,-0.7823672709817042,0.77411065511264,0.16457921815107232
236,-0.1457114249588785,-0.657905426517591,1.6641885915281407,-0.6117493918024023,-0.03800601523005873
827,1.0633594993857312,-1.6167960877110321,-1.4934428228971275,0.7829775441604828,1.6957258778303053
796,-0.8824092300473886,1.5519412228928406,1.17271855113116,0.759886040025682,-0.6633040527269671
660,-1.0620541484288963,0.3120845123640605,-1.0633353542938881,-1.135563361870031,1.0611844095462846
610,-0.9464789139808569,0.0065116496905077365,-1.6363413108642044,-0.5820397945034489,-0.9869182765567013
30,0.3834321127435832,-0.7926624699507355,1.5413722230762008,0.5050080950495739,-0.01209439912446477
166,-0.8852647461942306,-0.46840785935033574,1.5095461405515294,-0.03709130119210424,-0.9832687307944529
592,-1.4324571872139487,-0.9432313926117946,0.4108039291409664,1.328729321615772,-0.7372383094064311
825,0.4529316173202597,1.0416749465710466,0.2962525983874041,-0.7620548176968659,0.8907717737521977
553,-1.4317155633225367,-1.217524488585729,-0.9629715921602529,-1.000419125499276,-1.0648474959587113
384,-0.3321495121146683,-0.15449557967746125,0.5385452211855528,-0.5188569419242932,-0.20284156062523284
898,0.38945864765634386,-1.1829926133975115,-0.026750564038384123,0.007204020459593911,0.6947465049634701
787,-0.8379794522843015,1.5005917000246656,1.5962503109967388,-0.9814538239135464,0.09857959915518476
221,-0.46715630882811104,-0.537412621374098,-0.5717778582034635,0.03774170068090721,-1.3871155519609637
782,-0.32294636175444874,-1.4747146952521093,0.11930184656049037,-1.2093895190892874,-0.965750505209845
204,-1.2665709078194982,-0.3481776313992414,0.9838583205746809,1.3778420948216623,-0.5395105496272763
405,0.4035286752386691,0.41346664103278197,-0.2564333626977207,-0.7768456641362157,0.9631735820481138
106,0.8752254964217425,1.301506068107055,-1.3683776526516522,-0.6506967257371401,-1.5056251281129507
43,-0.3321204163378321,0.8199653134166607,0.9917722432312793,-0.9799644140579565,1.5428622047835734
129,1.1793479260546338,-1.708112119967603,0.5681712449373647,-1.7593405307930765,0.20479417804827754
981,-0.9774914418980966,0.37838724104272126,0.6750014169885072,-1.2733307584619056,-1.0669823016365623
631,-0.5453340056586993,0.1041626514588729,-0.9050590901674499,0.829767983458654,-0.7087298598988111
850,-1.5310150825045454,-1.2857723282769506,-1.1797695805185602,0.7746837826230918,-1.2983269763154794
260,1.665091491249485,-0.21398374639127413,-0.8031011544691643,-0.24362094733361095,-0.9521406259042184
719,-0.100999186008805,-1.328583047886649,0.12046922090326874,1.513486376632705,1.5814253664474764
925,0.49110301590801914,0.2235388804043917,-0.7092578913237123,1.389616334739544,-1.001875052738404
209,-1.1468232078483396,-0.8275353862062342,-0.2534575194264966,-0.01682510195648092,-0.7626203184806687
747,0.7798669977959231,0.12484196579468479,1.7001794321920982,-1.2417301113467614,0.21610644415518127
373,0.5666424508071473,-1.6996904698949196,1.6737796599880697,0.8096112926535342,1.2299970281350086
520,0.51818319343834,-0.7315636854002636,0.30259060404136884,0.30239762731729986,0.45094328739188233
374,1.3193806124622487,-1.3037045226031592,-1.4502605429506994,0.34513695350128454,-0.0025462536008246843
92,0.7815334690627586,-1.2065884810883751,-1.1065616819185158,-0.38794109381343783,1.1639172484005853
193,0.7362748092852652,-0.8529194992851667,-1.666254015032449,-1.4566891988971264,-0.4269255339883908
291,1.3945599095867236,0.6307354468291921,-0.35387717060641716,-0.07386522958853368,0.5864164128367263
345,1.0952701816251567,-0.8384020715611743,-1.4011649046891008,-1.7009279412347782,-0.8173915012442583
702,0.9530067929365116,0.1182176988193128,0.032032424911181925,-0.15730944184956963,-0.3796019381694189
992,0.967741832534985,0.020317096465345203,1.6961447641462175,0.9761083060499294,-0.5960422803849925
365,-0.06107040236685067,0.7821536514343007,1.1782790491305608,-1.6598635990258066,1.6578901352728457
961,-1.6666434547971942,1.2484944364378205,-1.1601113830191998,0.2980096641492902,1.6096023366292473
349,0.6509935656699453,0.8808729410450603,-0.6399920059331744,-1.2891002549818098,0.14205450201357223
842,-0.38815934826051673,0.46966965954568035,-0.7216584291922847,-0.09619730138139666,-0.44577697576318803
218,-1.4817312768858542,-1.3419639972782154,-1.45293775366264,-1.4651642496239574,0.989487031480552
288,-0.4888763785499836,-0.7549804533399679,-1.005382833083859,-1.732142400728792,-1.3462221092003017
387,-0.02530758845099098,1.444212686162549,-0.9420390076265521,-0.16804582198571652,0.4057374593500149
984,-1.133120354554257,-1.2510821430820265,-1.3584681454580176,1.3564930876746206,-0.027546080402797414
321,0.7244540522341344,0.4869382780805683,-0.880354167129696,-1.2676547400348603,-0.4961828709023082
170,1.5276303256144306,-0.041279025548259365,0.9663248811456473,-1.2153573017040544,-0.3526683850928395
292,-1.0058515346358297,0.30293603527466995,0.3472312122334126,1.0751106182349819,-1.3215078323834215
181,-0.6821285194672523,-1.2029348964055844,-1.3090966781486166,0.09544958609820489,1.2078957780606934
817,-0.5290486448774047,-0.3599882745460696,1.1178361119374398,0.609706081012146,-1.101762529210471
439,0.37703205918322785,-0.995759980672148,-0.06777381634010982,0.8772962737071172,1.2416740779012498
